day,hour,request_count,is_anomaly,threshold_high,threshold_low,mean
01/Aug/1995,00,1642,NORMAL,5517,0,2527
01/Aug/1995,01,1385,NORMAL,5517,0,2527
01/Aug/1995,02,993,NORMAL,5517,0,2527
01/Aug/1995,03,1219,NORMAL,5517,0,2527
01/Aug/1995,04,985,NORMAL,5517,0,2527
01/Aug/1995,05,1146,NORMAL,5517,0,2527
01/Aug/1995,06,1022,NORMAL,5517,0,2527
01/Aug/1995,07,1778,NORMAL,5517,0,2527
01/Aug/1995,08,2858,NORMAL,5517,0,2527
01/Aug/1995,09,3199,NORMAL,5517,0,2527
01/Aug/1995,10,3788,NORMAL,5517,0,2527
01/Aug/1995,11,4048,NORMAL,5517,0,2527
01/Aug/1995,12,4443,NORMAL,5517,0,2527
01/Aug/1995,13,3299,NORMAL,5517,0,2527
01/Aug/1995,14,2191,NORMAL,5517,0,2527
01/Jul/1995,00,3565,NORMAL,5517,0,2527
01/Jul/1995,01,3004,NORMAL,5517,0,2527
01/Jul/1995,02,2268,NORMAL,5517,0,2527
01/Jul/1995,03,1734,NORMAL,5517,0,2527
01/Jul/1995,04,1481,NORMAL,5517,0,2527
01/Jul/1995,05,1343,NORMAL,5517,0,2527
01/Jul/1995,06,1528,NORMAL,5517,0,2527
01/Jul/1995,07,1556,NORMAL,5517,0,2527
01/Jul/1995,08,1927,NORMAL,5517,0,2527
01/Jul/1995,09,2096,NORMAL,5517,0,2527
01/Jul/1995,10,3045,NORMAL,5517,0,2527
01/Jul/1995,11,3428,NORMAL,5517,0,2527
01/Jul/1995,12,2769,NORMAL,5517,0,2527
01/Jul/1995,13,3086,NORMAL,5517,0,2527
01/Jul/1995,14,3133,NORMAL,5517,0,2527
01/Jul/1995,15,3272,NORMAL,5517,0,2527
01/Jul/1995,16,3191,NORMAL,5517,0,2527
01/Jul/1995,17,3671,NORMAL,5517,0,2527
01/Jul/1995,18,3192,NORMAL,5517,0,2527
01/Jul/1995,19,2831,NORMAL,5517,0,2527
01/Jul/1995,20,2958,NORMAL,5517,0,2527
01/Jul/1995,21,3502,NORMAL,5517,0,2527
01/Jul/1995,22,3277,NORMAL,5517,0,2527
01/Jul/1995,23,2853,NORMAL,5517,0,2527
02/Jul/1995,00,2858,NORMAL,5517,0,2527
02/Jul/1995,01,2570,NORMAL,5517,0,2527
02/Jul/1995,02,2056,NORMAL,5517,0,2527
02/Jul/1995,03,1505,NORMAL,5517,0,2527
02/Jul/1995,04,1286,NORMAL,5517,0,2527
02/Jul/1995,05,1291,NORMAL,5517,0,2527
02/Jul/1995,06,1293,NORMAL,5517,0,2527
02/Jul/1995,07,1229,NORMAL,5517,0,2527
02/Jul/1995,08,1430,NORMAL,5517,0,2527
02/Jul/1995,09,1895,NORMAL,5517,0,2527
02/Jul/1995,10,2124,NORMAL,5517,0,2527
02/Jul/1995,11,2450,NORMAL,5517,0,2527
02/Jul/1995,12,3106,NORMAL,5517,0,2527
02/Jul/1995,13,2915,NORMAL,5517,0,2527
02/Jul/1995,14,3062,NORMAL,5517,0,2527
02/Jul/1995,15,2738,NORMAL,5517,0,2527
02/Jul/1995,16,3155,NORMAL,5517,0,2527
02/Jul/1995,17,3537,NORMAL,5517,0,2527
02/Jul/1995,18,3186,NORMAL,5517,0,2527
02/Jul/1995,19,2790,NORMAL,5517,0,2527
02/Jul/1995,20,2961,NORMAL,5517,0,2527
02/Jul/1995,21,3381,NORMAL,5517,0,2527
02/Jul/1995,22,3728,NORMAL,5517,0,2527
02/Jul/1995,23,3714,NORMAL,5517,0,2527
03/Aug/1995,04,16,NORMAL,5517,0,2527
03/Aug/1995,05,43,NORMAL,5517,0,2527
03/Aug/1995,06,70,NORMAL,5517,0,2527
03/Aug/1995,07,58,NORMAL,5517,0,2527
03/Aug/1995,08,114,NORMAL,5517,0,2527
03/Aug/1995,09,22,NORMAL,5517,0,2527
03/Aug/1995,10,57,NORMAL,5517,0,2527
03/Aug/1995,11,2438,NORMAL,5517,0,2527
03/Aug/1995,12,5174,NORMAL,5517,0,2527
03/Aug/1995,13,3756,NORMAL,5517,0,2527
03/Aug/1995,14,4056,NORMAL,5517,0,2527
03/Aug/1995,15,4524,NORMAL,5517,0,2527
03/Aug/1995,16,4309,NORMAL,5517,0,2527
03/Aug/1995,17,3814,NORMAL,5517,0,2527
03/Aug/1995,18,2804,NORMAL,5517,0,2527
03/Aug/1995,19,1767,NORMAL,5517,0,2527
03/Aug/1995,20,2529,NORMAL,5517,0,2527
03/Aug/1995,21,1840,NORMAL,5517,0,2527
03/Aug/1995,22,2284,NORMAL,5517,0,2527
03/Aug/1995,23,1712,NORMAL,5517,0,2527
03/Jul/1995,00,3016,NORMAL,5517,0,2527
03/Jul/1995,01,2395,NORMAL,5517,0,2527
03/Jul/1995,02,2205,NORMAL,5517,0,2527
03/Jul/1995,03,2041,NORMAL,5517,0,2527
03/Jul/1995,04,1539,NORMAL,5517,0,2527
03/Jul/1995,05,1750,NORMAL,5517,0,2527
03/Jul/1995,06,1703,NORMAL,5517,0,2527
03/Jul/1995,07,2862,NORMAL,5517,0,2527
03/Jul/1995,08,3671,NORMAL,5517,0,2527
03/Jul/1995,09,4794,NORMAL,5517,0,2527
03/Jul/1995,10,4519,NORMAL,5517,0,2527
03/Jul/1995,11,4790,NORMAL,5517,0,2527
03/Jul/1995,12,5535,HIGH,5517,0,2527
03/Jul/1995,13,6013,HIGH,5517,0,2527
03/Jul/1995,14,5508,NORMAL,5517,0,2527
03/Jul/1995,15,5610,HIGH,5517,0,2527
03/Jul/1995,16,5388,NORMAL,5517,0,2527
03/Jul/1995,17,4545,NORMAL,5517,0,2527
03/Jul/1995,18,3444,NORMAL,5517,0,2527
03/Jul/1995,19,3712,NORMAL,5517,0,2527
03/Jul/1995,20,3760,NORMAL,5517,0,2527
03/Jul/1995,21,3832,NORMAL,5517,0,2527
03/Jul/1995,22,3197,NORMAL,5517,0,2527
03/Jul/1995,23,3713,NORMAL,5517,0,2527
04/Aug/1995,00,1225,NORMAL,5517,0,2527
04/Aug/1995,01,1707,NORMAL,5517,0,2527
04/Aug/1995,02,1118,NORMAL,5517,0,2527
04/Aug/1995,03,1211,NORMAL,5517,0,2527
04/Aug/1995,04,1123,NORMAL,5517,0,2527
04/Aug/1995,05,1187,NORMAL,5517,0,2527
04/Aug/1995,06,1439,NORMAL,5517,0,2527
04/Aug/1995,07,1856,NORMAL,5517,0,2527
04/Aug/1995,08,2822,NORMAL,5517,0,2527
04/Aug/1995,09,3281,NORMAL,5517,0,2527
04/Aug/1995,10,4086,NORMAL,5517,0,2527
04/Aug/1995,11,3507,NORMAL,5517,0,2527
04/Aug/1995,12,3839,NORMAL,5517,0,2527
04/Aug/1995,13,4406,NORMAL,5517,0,2527
04/Aug/1995,14,3539,NORMAL,5517,0,2527
04/Aug/1995,15,4071,NORMAL,5517,0,2527
04/Aug/1995,16,4634,NORMAL,5517,0,2527
04/Aug/1995,17,2969,NORMAL,5517,0,2527
04/Aug/1995,18,2434,NORMAL,5517,0,2527
04/Aug/1995,19,2131,NORMAL,5517,0,2527
04/Aug/1995,20,1954,NORMAL,5517,0,2527
04/Aug/1995,21,1676,NORMAL,5517,0,2527
04/Aug/1995,22,1658,NORMAL,5517,0,2527
04/Aug/1995,23,1681,NORMAL,5517,0,2527
04/Jul/1995,00,3141,NORMAL,5517,0,2527
04/Jul/1995,01,2821,NORMAL,5517,0,2527
04/Jul/1995,02,2530,NORMAL,5517,0,2527
04/Jul/1995,03,1993,NORMAL,5517,0,2527
04/Jul/1995,04,1743,NORMAL,5517,0,2527
04/Jul/1995,05,1730,NORMAL,5517,0,2527
04/Jul/1995,06,1709,NORMAL,5517,0,2527
04/Jul/1995,07,2172,NORMAL,5517,0,2527
04/Jul/1995,08,3006,NORMAL,5517,0,2527
04/Jul/1995,09,3058,NORMAL,5517,0,2527
04/Jul/1995,10,3582,NORMAL,5517,0,2527
04/Jul/1995,11,3583,NORMAL,5517,0,2527
04/Jul/1995,12,3402,NORMAL,5517,0,2527
04/Jul/1995,13,3550,NORMAL,5517,0,2527
04/Jul/1995,14,3278,NORMAL,5517,0,2527
04/Jul/1995,15,4174,NORMAL,5517,0,2527
04/Jul/1995,16,3579,NORMAL,5517,0,2527
04/Jul/1995,17,3693,NORMAL,5517,0,2527
04/Jul/1995,18,2912,NORMAL,5517,0,2527
04/Jul/1995,19,2955,NORMAL,5517,0,2527
04/Jul/1995,20,2683,NORMAL,5517,0,2527
04/Jul/1995,21,2671,NORMAL,5517,0,2527
04/Jul/1995,22,2941,NORMAL,5517,0,2527
04/Jul/1995,23,3538,NORMAL,5517,0,2527
05/Aug/1995,00,1314,NORMAL,5517,0,2527
05/Aug/1995,01,1358,NORMAL,5517,0,2527
05/Aug/1995,02,1169,NORMAL,5517,0,2527
05/Aug/1995,03,754,NORMAL,5517,0,2527
05/Aug/1995,04,565,NORMAL,5517,0,2527
05/Aug/1995,05,714,NORMAL,5517,0,2527
05/Aug/1995,06,646,NORMAL,5517,0,2527
05/Aug/1995,07,748,NORMAL,5517,0,2527
05/Aug/1995,08,970,NORMAL,5517,0,2527
05/Aug/1995,09,1254,NORMAL,5517,0,2527
05/Aug/1995,10,1207,NORMAL,5517,0,2527
05/Aug/1995,11,1534,NORMAL,5517,0,2527
05/Aug/1995,12,1698,NORMAL,5517,0,2527
05/Aug/1995,13,1952,NORMAL,5517,0,2527
05/Aug/1995,14,1809,NORMAL,5517,0,2527
05/Aug/1995,15,1487,NORMAL,5517,0,2527
05/Aug/1995,16,1820,NORMAL,5517,0,2527
05/Aug/1995,17,1545,NORMAL,5517,0,2527
05/Aug/1995,18,1607,NORMAL,5517,0,2527
05/Aug/1995,19,1274,NORMAL,5517,0,2527
05/Aug/1995,20,1750,NORMAL,5517,0,2527
05/Aug/1995,21,1502,NORMAL,5517,0,2527
05/Aug/1995,22,1721,NORMAL,5517,0,2527
05/Aug/1995,23,1490,NORMAL,5517,0,2527
05/Jul/1995,00,2505,NORMAL,5517,0,2527
05/Jul/1995,01,2032,NORMAL,5517,0,2527
05/Jul/1995,02,1933,NORMAL,5517,0,2527
05/Jul/1995,03,1998,NORMAL,5517,0,2527
05/Jul/1995,04,1479,NORMAL,5517,0,2527
05/Jul/1995,05,1634,NORMAL,5517,0,2527
05/Jul/1995,06,1821,NORMAL,5517,0,2527
05/Jul/1995,07,2996,NORMAL,5517,0,2527
05/Jul/1995,08,3824,NORMAL,5517,0,2527
05/Jul/1995,09,4456,NORMAL,5517,0,2527
05/Jul/1995,10,4974,NORMAL,5517,0,2527
05/Jul/1995,11,6175,HIGH,5517,0,2527
05/Jul/1995,12,6164,HIGH,5517,0,2527
05/Jul/1995,13,5115,NORMAL,5517,0,2527
05/Jul/1995,14,8034,HIGH,5517,0,2527
05/Jul/1995,15,6757,HIGH,5517,0,2527
05/Jul/1995,16,7211,HIGH,5517,0,2527
05/Jul/1995,17,4726,NORMAL,5517,0,2527
05/Jul/1995,18,4241,NORMAL,5517,0,2527
05/Jul/1995,19,3988,NORMAL,5517,0,2527
05/Jul/1995,20,3134,NORMAL,5517,0,2527
05/Jul/1995,21,3137,NORMAL,5517,0,2527
05/Jul/1995,22,3206,NORMAL,5517,0,2527
05/Jul/1995,23,3032,NORMAL,5517,0,2527
06/Aug/1995,00,1959,NORMAL,5517,0,2527
06/Aug/1995,01,1067,NORMAL,5517,0,2527
06/Aug/1995,02,1066,NORMAL,5517,0,2527
06/Aug/1995,03,825,NORMAL,5517,0,2527
06/Aug/1995,04,616,NORMAL,5517,0,2527
06/Aug/1995,05,709,NORMAL,5517,0,2527
06/Aug/1995,06,651,NORMAL,5517,0,2527
06/Aug/1995,07,543,NORMAL,5517,0,2527
06/Aug/1995,08,600,NORMAL,5517,0,2527
06/Aug/1995,09,1209,NORMAL,5517,0,2527
06/Aug/1995,10,1324,NORMAL,5517,0,2527
06/Aug/1995,11,1341,NORMAL,5517,0,2527
06/Aug/1995,12,1428,NORMAL,5517,0,2527
06/Aug/1995,13,1357,NORMAL,5517,0,2527
06/Aug/1995,14,1742,NORMAL,5517,0,2527
06/Aug/1995,15,2193,NORMAL,5517,0,2527
06/Aug/1995,16,1952,NORMAL,5517,0,2527
06/Aug/1995,17,1855,NORMAL,5517,0,2527
06/Aug/1995,18,1781,NORMAL,5517,0,2527
06/Aug/1995,19,1613,NORMAL,5517,0,2527
06/Aug/1995,20,1392,NORMAL,5517,0,2527
06/Aug/1995,21,1588,NORMAL,5517,0,2527
06/Aug/1995,22,2179,NORMAL,5517,0,2527
06/Aug/1995,23,1426,NORMAL,5517,0,2527
06/Jul/1995,00,2658,NORMAL,5517,0,2527
06/Jul/1995,01,1948,NORMAL,5517,0,2527
06/Jul/1995,02,1805,NORMAL,5517,0,2527
06/Jul/1995,03,1539,NORMAL,5517,0,2527
06/Jul/1995,04,1429,NORMAL,5517,0,2527
06/Jul/1995,05,1652,NORMAL,5517,0,2527
06/Jul/1995,06,1830,NORMAL,5517,0,2527
06/Jul/1995,07,2755,NORMAL,5517,0,2527
06/Jul/1995,08,4199,NORMAL,5517,0,2527
06/Jul/1995,09,5011,NORMAL,5517,0,2527
06/Jul/1995,10,5815,HIGH,5517,0,2527
06/Jul/1995,11,6422,HIGH,5517,0,2527
06/Jul/1995,12,6405,HIGH,5517,0,2527
06/Jul/1995,13,6926,HIGH,5517,0,2527
06/Jul/1995,14,6923,HIGH,5517,0,2527
06/Jul/1995,15,7061,HIGH,5517,0,2527
06/Jul/1995,16,6678,HIGH,5517,0,2527
06/Jul/1995,17,5479,NORMAL,5517,0,2527
06/Jul/1995,18,4786,NORMAL,5517,0,2527
06/Jul/1995,19,4227,NORMAL,5517,0,2527
06/Jul/1995,20,4060,NORMAL,5517,0,2527
06/Jul/1995,21,3479,NORMAL,5517,0,2527
06/Jul/1995,22,3961,NORMAL,5517,0,2527
06/Jul/1995,23,3908,NORMAL,5517,0,2527
07/Aug/1995,00,1436,NORMAL,5517,0,2527
07/Aug/1995,01,1218,NORMAL,5517,0,2527
07/Aug/1995,02,1374,NORMAL,5517,0,2527
07/Aug/1995,03,1245,NORMAL,5517,0,2527
07/Aug/1995,04,1002,NORMAL,5517,0,2527
07/Aug/1995,05,944,NORMAL,5517,0,2527
07/Aug/1995,06,1151,NORMAL,5517,0,2527
07/Aug/1995,07,1856,NORMAL,5517,0,2527
07/Aug/1995,08,2517,NORMAL,5517,0,2527
07/Aug/1995,09,3381,NORMAL,5517,0,2527
07/Aug/1995,10,3283,NORMAL,5517,0,2527
07/Aug/1995,11,3655,NORMAL,5517,0,2527
07/Aug/1995,12,4314,NORMAL,5517,0,2527
07/Aug/1995,13,4402,NORMAL,5517,0,2527
07/Aug/1995,14,3697,NORMAL,5517,0,2527
07/Aug/1995,15,4203,NORMAL,5517,0,2527
07/Aug/1995,16,3812,NORMAL,5517,0,2527
07/Aug/1995,17,2044,NORMAL,5517,0,2527
07/Aug/1995,18,2446,NORMAL,5517,0,2527
07/Aug/1995,19,1839,NORMAL,5517,0,2527
07/Aug/1995,20,1845,NORMAL,5517,0,2527
07/Aug/1995,21,2047,NORMAL,5517,0,2527
07/Aug/1995,22,1852,NORMAL,5517,0,2527
07/Aug/1995,23,1793,NORMAL,5517,0,2527
07/Jul/1995,00,2691,NORMAL,5517,0,2527
07/Jul/1995,01,2638,NORMAL,5517,0,2527
07/Jul/1995,02,2189,NORMAL,5517,0,2527
07/Jul/1995,03,1590,NORMAL,5517,0,2527
07/Jul/1995,04,1361,NORMAL,5517,0,2527
07/Jul/1995,05,959,NORMAL,5517,0,2527
07/Jul/1995,06,1168,NORMAL,5517,0,2527
07/Jul/1995,07,2320,NORMAL,5517,0,2527
07/Jul/1995,08,4841,NORMAL,5517,0,2527
07/Jul/1995,09,5406,NORMAL,5517,0,2527
07/Jul/1995,10,5938,HIGH,5517,0,2527
07/Jul/1995,11,6536,HIGH,5517,0,2527
07/Jul/1995,12,6784,HIGH,5517,0,2527
07/Jul/1995,13,5962,HIGH,5517,0,2527
07/Jul/1995,14,4705,NORMAL,5517,0,2527
07/Jul/1995,15,5752,HIGH,5517,0,2527
07/Jul/1995,16,5449,NORMAL,5517,0,2527
07/Jul/1995,17,4998,NORMAL,5517,0,2527
07/Jul/1995,18,3332,NORMAL,5517,0,2527
07/Jul/1995,19,2550,NORMAL,5517,0,2527
07/Jul/1995,20,2680,NORMAL,5517,0,2527
07/Jul/1995,21,2450,NORMAL,5517,0,2527
07/Jul/1995,22,2462,NORMAL,5517,0,2527
07/Jul/1995,23,2447,NORMAL,5517,0,2527
08/Aug/1995,00,1412,NORMAL,5517,0,2527
08/Aug/1995,01,1615,NORMAL,5517,0,2527
08/Aug/1995,02,1247,NORMAL,5517,0,2527
08/Aug/1995,03,1031,NORMAL,5517,0,2527
08/Aug/1995,04,806,NORMAL,5517,0,2527
08/Aug/1995,05,768,NORMAL,5517,0,2527
08/Aug/1995,06,1094,NORMAL,5517,0,2527
08/Aug/1995,07,1524,NORMAL,5517,0,2527
08/Aug/1995,08,2123,NORMAL,5517,0,2527
08/Aug/1995,09,3212,NORMAL,5517,0,2527
08/Aug/1995,10,2850,NORMAL,5517,0,2527
08/Aug/1995,11,3088,NORMAL,5517,0,2527
08/Aug/1995,12,3206,NORMAL,5517,0,2527
08/Aug/1995,13,4068,NORMAL,5517,0,2527
08/Aug/1995,14,4101,NORMAL,5517,0,2527
08/Aug/1995,15,5084,NORMAL,5517,0,2527
08/Aug/1995,16,4066,NORMAL,5517,0,2527
08/Aug/1995,17,3203,NORMAL,5517,0,2527
08/Aug/1995,18,3103,NORMAL,5517,0,2527
08/Aug/1995,19,2638,NORMAL,5517,0,2527
08/Aug/1995,20,2607,NORMAL,5517,0,2527
08/Aug/1995,21,2404,NORMAL,5517,0,2527
08/Aug/1995,22,2703,NORMAL,5517,0,2527
08/Aug/1995,23,2134,NORMAL,5517,0,2527
08/Jul/1995,00,2386,NORMAL,5517,0,2527
08/Jul/1995,01,1707,NORMAL,5517,0,2527
08/Jul/1995,02,1279,NORMAL,5517,0,2527
08/Jul/1995,03,877,NORMAL,5517,0,2527
08/Jul/1995,04,648,NORMAL,5517,0,2527
08/Jul/1995,05,865,NORMAL,5517,0,2527
08/Jul/1995,06,794,NORMAL,5517,0,2527
08/Jul/1995,07,894,NORMAL,5517,0,2527
08/Jul/1995,08,1010,NORMAL,5517,0,2527
08/Jul/1995,09,1276,NORMAL,5517,0,2527
08/Jul/1995,10,1868,NORMAL,5517,0,2527
08/Jul/1995,11,1558,NORMAL,5517,0,2527
08/Jul/1995,12,1714,NORMAL,5517,0,2527
08/Jul/1995,13,1914,NORMAL,5517,0,2527
08/Jul/1995,14,2387,NORMAL,5517,0,2527
08/Jul/1995,15,1985,NORMAL,5517,0,2527
08/Jul/1995,16,2346,NORMAL,5517,0,2527
08/Jul/1995,17,2325,NORMAL,5517,0,2527
08/Jul/1995,18,1789,NORMAL,5517,0,2527
08/Jul/1995,19,1783,NORMAL,5517,0,2527
08/Jul/1995,20,1669,NORMAL,5517,0,2527
08/Jul/1995,21,1875,NORMAL,5517,0,2527
08/Jul/1995,22,1901,NORMAL,5517,0,2527
08/Jul/1995,23,2011,NORMAL,5517,0,2527
09/Aug/1995,00,2044,NORMAL,5517,0,2527
09/Aug/1995,01,1152,NORMAL,5517,0,2527
09/Aug/1995,02,1344,NORMAL,5517,0,2527
09/Aug/1995,03,1351,NORMAL,5517,0,2527
09/Aug/1995,04,1009,NORMAL,5517,0,2527
09/Aug/1995,05,1049,NORMAL,5517,0,2527
09/Aug/1995,06,1044,NORMAL,5517,0,2527
09/Aug/1995,07,1858,NORMAL,5517,0,2527
09/Aug/1995,08,2998,NORMAL,5517,0,2527
09/Aug/1995,09,3707,NORMAL,5517,0,2527
09/Aug/1995,10,3684,NORMAL,5517,0,2527
09/Aug/1995,11,4171,NORMAL,5517,0,2527
09/Aug/1995,12,3271,NORMAL,5517,0,2527
09/Aug/1995,13,2624,NORMAL,5517,0,2527
09/Aug/1995,14,3463,NORMAL,5517,0,2527
09/Aug/1995,15,4326,NORMAL,5517,0,2527
09/Aug/1995,16,3836,NORMAL,5517,0,2527
09/Aug/1995,17,3703,NORMAL,5517,0,2527
09/Aug/1995,18,2543,NORMAL,5517,0,2527
09/Aug/1995,19,2716,NORMAL,5517,0,2527
09/Aug/1995,20,2145,NORMAL,5517,0,2527
09/Aug/1995,21,2290,NORMAL,5517,0,2527
09/Aug/1995,22,2100,NORMAL,5517,0,2527
09/Aug/1995,23,2029,NORMAL,5517,0,2527
09/Jul/1995,00,1593,NORMAL,5517,0,2527
09/Jul/1995,01,1515,NORMAL,5517,0,2527
09/Jul/1995,02,1234,NORMAL,5517,0,2527
09/Jul/1995,03,1007,NORMAL,5517,0,2527
09/Jul/1995,04,770,NORMAL,5517,0,2527
09/Jul/1995,05,397,NORMAL,5517,0,2527
09/Jul/1995,06,442,NORMAL,5517,0,2527
09/Jul/1995,07,484,NORMAL,5517,0,2527
09/Jul/1995,08,708,NORMAL,5517,0,2527
09/Jul/1995,09,1067,NORMAL,5517,0,2527
09/Jul/1995,10,1272,NORMAL,5517,0,2527
09/Jul/1995,11,1936,NORMAL,5517,0,2527
09/Jul/1995,12,1838,NORMAL,5517,0,2527
09/Jul/1995,13,1634,NORMAL,5517,0,2527
09/Jul/1995,14,2041,NORMAL,5517,0,2527
09/Jul/1995,15,1759,NORMAL,5517,0,2527
09/Jul/1995,16,2225,NORMAL,5517,0,2527
09/Jul/1995,17,1838,NORMAL,5517,0,2527
09/Jul/1995,18,1730,NORMAL,5517,0,2527
09/Jul/1995,19,1681,NORMAL,5517,0,2527
09/Jul/1995,20,2309,NORMAL,5517,0,2527
09/Jul/1995,21,2161,NORMAL,5517,0,2527
09/Jul/1995,22,1852,NORMAL,5517,0,2527
09/Jul/1995,23,1768,NORMAL,5517,0,2527
10/Aug/1995,00,1759,NORMAL,5517,0,2527
10/Aug/1995,01,1382,NORMAL,5517,0,2527
10/Aug/1995,02,1187,NORMAL,5517,0,2527
10/Aug/1995,03,1203,NORMAL,5517,0,2527
10/Aug/1995,04,1014,NORMAL,5517,0,2527
10/Aug/1995,05,1258,NORMAL,5517,0,2527
10/Aug/1995,06,1235,NORMAL,5517,0,2527
10/Aug/1995,07,2154,NORMAL,5517,0,2527
10/Aug/1995,08,3028,NORMAL,5517,0,2527
10/Aug/1995,09,3258,NORMAL,5517,0,2527
10/Aug/1995,10,3764,NORMAL,5517,0,2527
10/Aug/1995,11,3570,NORMAL,5517,0,2527
10/Aug/1995,12,3972,NORMAL,5517,0,2527
10/Aug/1995,13,3975,NORMAL,5517,0,2527
10/Aug/1995,14,4186,NORMAL,5517,0,2527
10/Aug/1995,15,4706,NORMAL,5517,0,2527
10/Aug/1995,16,3441,NORMAL,5517,0,2527
10/Aug/1995,17,3142,NORMAL,5517,0,2527
10/Aug/1995,18,2145,NORMAL,5517,0,2527
10/Aug/1995,19,2316,NORMAL,5517,0,2527
10/Aug/1995,20,2034,NORMAL,5517,0,2527
10/Aug/1995,21,2157,NORMAL,5517,0,2527
10/Aug/1995,22,2572,NORMAL,5517,0,2527
10/Aug/1995,23,1779,NORMAL,5517,0,2527
10/Jul/1995,00,1841,NORMAL,5517,0,2527
10/Jul/1995,01,1522,NORMAL,5517,0,2527
10/Jul/1995,02,1298,NORMAL,5517,0,2527
10/Jul/1995,03,906,NORMAL,5517,0,2527
10/Jul/1995,04,785,NORMAL,5517,0,2527
10/Jul/1995,05,773,NORMAL,5517,0,2527
10/Jul/1995,06,1223,NORMAL,5517,0,2527
10/Jul/1995,07,1533,NORMAL,5517,0,2527
10/Jul/1995,08,2908,NORMAL,5517,0,2527
10/Jul/1995,09,3802,NORMAL,5517,0,2527
10/Jul/1995,10,4219,NORMAL,5517,0,2527
10/Jul/1995,11,4912,NORMAL,5517,0,2527
10/Jul/1995,12,5033,NORMAL,5517,0,2527
10/Jul/1995,13,4464,NORMAL,5517,0,2527
10/Jul/1995,14,5102,NORMAL,5517,0,2527
10/Jul/1995,15,5314,NORMAL,5517,0,2527
10/Jul/1995,16,5137,NORMAL,5517,0,2527
10/Jul/1995,17,4541,NORMAL,5517,0,2527
10/Jul/1995,18,3464,NORMAL,5517,0,2527
10/Jul/1995,19,3226,NORMAL,5517,0,2527
10/Jul/1995,20,2806,NORMAL,5517,0,2527
10/Jul/1995,21,2728,NORMAL,5517,0,2527
10/Jul/1995,22,2820,NORMAL,5517,0,2527
10/Jul/1995,23,2495,NORMAL,5517,0,2527
11/Aug/1995,00,1504,NORMAL,5517,0,2527
11/Aug/1995,01,1313,NORMAL,5517,0,2527
11/Aug/1995,02,1324,NORMAL,5517,0,2527
11/Aug/1995,03,1154,NORMAL,5517,0,2527
11/Aug/1995,04,994,NORMAL,5517,0,2527
11/Aug/1995,05,1162,NORMAL,5517,0,2527
11/Aug/1995,06,1435,NORMAL,5517,0,2527
11/Aug/1995,07,1986,NORMAL,5517,0,2527
11/Aug/1995,08,2653,NORMAL,5517,0,2527
11/Aug/1995,09,3421,NORMAL,5517,0,2527
11/Aug/1995,10,3830,NORMAL,5517,0,2527
11/Aug/1995,11,3476,NORMAL,5517,0,2527
11/Aug/1995,12,4559,NORMAL,5517,0,2527
11/Aug/1995,13,4189,NORMAL,5517,0,2527
11/Aug/1995,14,4686,NORMAL,5517,0,2527
11/Aug/1995,15,4726,NORMAL,5517,0,2527
11/Aug/1995,16,4050,NORMAL,5517,0,2527
11/Aug/1995,17,3132,NORMAL,5517,0,2527
11/Aug/1995,18,2284,NORMAL,5517,0,2527
11/Aug/1995,19,1978,NORMAL,5517,0,2527
11/Aug/1995,20,2191,NORMAL,5517,0,2527
11/Aug/1995,21,2139,NORMAL,5517,0,2527
11/Aug/1995,22,1862,NORMAL,5517,0,2527
11/Aug/1995,23,1194,NORMAL,5517,0,2527
11/Jul/1995,00,1968,NORMAL,5517,0,2527
11/Jul/1995,01,1536,NORMAL,5517,0,2527
11/Jul/1995,02,1235,NORMAL,5517,0,2527
11/Jul/1995,03,1286,NORMAL,5517,0,2527
11/Jul/1995,04,1107,NORMAL,5517,0,2527
11/Jul/1995,05,1113,NORMAL,5517,0,2527
11/Jul/1995,06,1290,NORMAL,5517,0,2527
11/Jul/1995,07,2569,NORMAL,5517,0,2527
11/Jul/1995,08,3607,NORMAL,5517,0,2527
11/Jul/1995,09,3581,NORMAL,5517,0,2527
11/Jul/1995,10,4467,NORMAL,5517,0,2527
11/Jul/1995,11,4734,NORMAL,5517,0,2527
11/Jul/1995,12,5503,NORMAL,5517,0,2527
11/Jul/1995,13,5324,NORMAL,5517,0,2527
11/Jul/1995,14,6061,HIGH,5517,0,2527
11/Jul/1995,15,5606,HIGH,5517,0,2527
11/Jul/1995,16,5546,HIGH,5517,0,2527
11/Jul/1995,17,4480,NORMAL,5517,0,2527
11/Jul/1995,18,3909,NORMAL,5517,0,2527
11/Jul/1995,19,3607,NORMAL,5517,0,2527
11/Jul/1995,20,3268,NORMAL,5517,0,2527
11/Jul/1995,21,2784,NORMAL,5517,0,2527
11/Jul/1995,22,2857,NORMAL,5517,0,2527
11/Jul/1995,23,2878,NORMAL,5517,0,2527
12/Aug/1995,00,1486,NORMAL,5517,0,2527
12/Aug/1995,01,1207,NORMAL,5517,0,2527
12/Aug/1995,02,753,NORMAL,5517,0,2527
12/Aug/1995,03,747,NORMAL,5517,0,2527
12/Aug/1995,04,937,NORMAL,5517,0,2527
12/Aug/1995,05,824,NORMAL,5517,0,2527
12/Aug/1995,06,803,NORMAL,5517,0,2527
12/Aug/1995,07,849,NORMAL,5517,0,2527
12/Aug/1995,08,1000,NORMAL,5517,0,2527
12/Aug/1995,09,1167,NORMAL,5517,0,2527
12/Aug/1995,10,2041,NORMAL,5517,0,2527
12/Aug/1995,11,1801,NORMAL,5517,0,2527
12/Aug/1995,12,1612,NORMAL,5517,0,2527
12/Aug/1995,13,2074,NORMAL,5517,0,2527
12/Aug/1995,14,1787,NORMAL,5517,0,2527
12/Aug/1995,15,2149,NORMAL,5517,0,2527
12/Aug/1995,16,2095,NORMAL,5517,0,2527
12/Aug/1995,17,2316,NORMAL,5517,0,2527
12/Aug/1995,18,2012,NORMAL,5517,0,2527
12/Aug/1995,19,1851,NORMAL,5517,0,2527
12/Aug/1995,20,2031,NORMAL,5517,0,2527
12/Aug/1995,21,1798,NORMAL,5517,0,2527
12/Aug/1995,22,2380,NORMAL,5517,0,2527
12/Aug/1995,23,2342,NORMAL,5517,0,2527
12/Jul/1995,00,2318,NORMAL,5517,0,2527
12/Jul/1995,01,1958,NORMAL,5517,0,2527
12/Jul/1995,02,2033,NORMAL,5517,0,2527
12/Jul/1995,03,1458,NORMAL,5517,0,2527
12/Jul/1995,04,1478,NORMAL,5517,0,2527
12/Jul/1995,05,1437,NORMAL,5517,0,2527
12/Jul/1995,06,1831,NORMAL,5517,0,2527
12/Jul/1995,07,2412,NORMAL,5517,0,2527
12/Jul/1995,08,3916,NORMAL,5517,0,2527
12/Jul/1995,09,4774,NORMAL,5517,0,2527
12/Jul/1995,10,5239,NORMAL,5517,0,2527
12/Jul/1995,11,6020,HIGH,5517,0,2527
12/Jul/1995,12,5969,HIGH,5517,0,2527
12/Jul/1995,13,6450,HIGH,5517,0,2527
12/Jul/1995,14,6292,HIGH,5517,0,2527
12/Jul/1995,15,5531,HIGH,5517,0,2527
12/Jul/1995,16,4972,NORMAL,5517,0,2527
12/Jul/1995,17,4682,NORMAL,5517,0,2527
12/Jul/1995,18,4342,NORMAL,5517,0,2527
12/Jul/1995,19,3553,NORMAL,5517,0,2527
12/Jul/1995,20,4139,NORMAL,5517,0,2527
12/Jul/1995,21,3710,NORMAL,5517,0,2527
12/Jul/1995,22,4013,NORMAL,5517,0,2527
12/Jul/1995,23,3703,NORMAL,5517,0,2527
13/Aug/1995,00,2253,NORMAL,5517,0,2527
13/Aug/1995,01,1258,NORMAL,5517,0,2527
13/Aug/1995,02,266,NORMAL,5517,0,2527
13/Aug/1995,03,445,NORMAL,5517,0,2527
13/Aug/1995,04,905,NORMAL,5517,0,2527
13/Aug/1995,05,772,NORMAL,5517,0,2527
13/Aug/1995,06,503,NORMAL,5517,0,2527
13/Aug/1995,07,1014,NORMAL,5517,0,2527
13/Aug/1995,08,600,NORMAL,5517,0,2527
13/Aug/1995,09,1258,NORMAL,5517,0,2527
13/Aug/1995,10,1371,NORMAL,5517,0,2527
13/Aug/1995,11,1630,NORMAL,5517,0,2527
13/Aug/1995,12,1537,NORMAL,5517,0,2527
13/Aug/1995,13,2051,NORMAL,5517,0,2527
13/Aug/1995,14,2293,NORMAL,5517,0,2527
13/Aug/1995,15,2007,NORMAL,5517,0,2527
13/Aug/1995,16,2218,NORMAL,5517,0,2527
13/Aug/1995,17,2237,NORMAL,5517,0,2527
13/Aug/1995,18,2072,NORMAL,5517,0,2527
13/Aug/1995,19,1823,NORMAL,5517,0,2527
13/Aug/1995,20,1771,NORMAL,5517,0,2527
13/Aug/1995,21,1733,NORMAL,5517,0,2527
13/Aug/1995,22,2432,NORMAL,5517,0,2527
13/Aug/1995,23,2031,NORMAL,5517,0,2527
13/Jul/1995,00,3320,NORMAL,5517,0,2527
13/Jul/1995,01,3308,NORMAL,5517,0,2527
13/Jul/1995,02,2934,NORMAL,5517,0,2527
13/Jul/1995,03,2484,NORMAL,5517,0,2527
13/Jul/1995,04,2158,NORMAL,5517,0,2527
13/Jul/1995,05,2667,NORMAL,5517,0,2527
13/Jul/1995,06,3648,NORMAL,5517,0,2527
13/Jul/1995,07,6022,HIGH,5517,0,2527
13/Jul/1995,08,11540,HIGH,5517,0,2527
13/Jul/1995,09,14911,HIGH,5517,0,2527
13/Jul/1995,10,10211,HIGH,5517,0,2527
13/Jul/1995,11,9747,HIGH,5517,0,2527
13/Jul/1995,12,8529,HIGH,5517,0,2527
13/Jul/1995,13,7327,HIGH,5517,0,2527
13/Jul/1995,14,7478,HIGH,5517,0,2527
13/Jul/1995,15,7296,HIGH,5517,0,2527
13/Jul/1995,16,7149,HIGH,5517,0,2527
13/Jul/1995,17,3585,NORMAL,5517,0,2527
13/Jul/1995,18,4551,NORMAL,5517,0,2527
13/Jul/1995,19,2269,NORMAL,5517,0,2527
13/Jul/1995,20,2365,NORMAL,5517,0,2527
13/Jul/1995,21,3682,NORMAL,5517,0,2527
13/Jul/1995,22,3351,NORMAL,5517,0,2527
13/Jul/1995,23,3420,NORMAL,5517,0,2527
14/Aug/1995,00,2035,NORMAL,5517,0,2527
14/Aug/1995,01,1464,NORMAL,5517,0,2527
14/Aug/1995,02,1274,NORMAL,5517,0,2527
14/Aug/1995,03,1031,NORMAL,5517,0,2527
14/Aug/1995,04,791,NORMAL,5517,0,2527
14/Aug/1995,05,1101,NORMAL,5517,0,2527
14/Aug/1995,06,1088,NORMAL,5517,0,2527
14/Aug/1995,07,1653,NORMAL,5517,0,2527
14/Aug/1995,08,2509,NORMAL,5517,0,2527
14/Aug/1995,09,3226,NORMAL,5517,0,2527
14/Aug/1995,10,3326,NORMAL,5517,0,2527
14/Aug/1995,11,3330,NORMAL,5517,0,2527
14/Aug/1995,12,4473,NORMAL,5517,0,2527
14/Aug/1995,13,4375,NORMAL,5517,0,2527
14/Aug/1995,14,3992,NORMAL,5517,0,2527
14/Aug/1995,15,3716,NORMAL,5517,0,2527
14/Aug/1995,16,3736,NORMAL,5517,0,2527
14/Aug/1995,17,3167,NORMAL,5517,0,2527
14/Aug/1995,18,2578,NORMAL,5517,0,2527
14/Aug/1995,19,2443,NORMAL,5517,0,2527
14/Aug/1995,20,2335,NORMAL,5517,0,2527
14/Aug/1995,21,2053,NORMAL,5517,0,2527
14/Aug/1995,22,2196,NORMAL,5517,0,2527
14/Aug/1995,23,1982,NORMAL,5517,0,2527
14/Jul/1995,00,3227,NORMAL,5517,0,2527
14/Jul/1995,01,2155,NORMAL,5517,0,2527
14/Jul/1995,02,1995,NORMAL,5517,0,2527
14/Jul/1995,03,1966,NORMAL,5517,0,2527
14/Jul/1995,04,1412,NORMAL,5517,0,2527
14/Jul/1995,05,1902,NORMAL,5517,0,2527
14/Jul/1995,06,1657,NORMAL,5517,0,2527
14/Jul/1995,07,2991,NORMAL,5517,0,2527
14/Jul/1995,08,3982,NORMAL,5517,0,2527
14/Jul/1995,09,4862,NORMAL,5517,0,2527
14/Jul/1995,10,5314,NORMAL,5517,0,2527
14/Jul/1995,11,4738,NORMAL,5517,0,2527
14/Jul/1995,12,4835,NORMAL,5517,0,2527
14/Jul/1995,13,5624,HIGH,5517,0,2527
14/Jul/1995,14,5115,NORMAL,5517,0,2527
14/Jul/1995,15,5318,NORMAL,5517,0,2527
14/Jul/1995,16,5300,NORMAL,5517,0,2527
14/Jul/1995,17,4157,NORMAL,5517,0,2527
14/Jul/1995,18,3140,NORMAL,5517,0,2527
14/Jul/1995,19,3332,NORMAL,5517,0,2527
14/Jul/1995,20,2823,NORMAL,5517,0,2527
14/Jul/1995,21,2709,NORMAL,5517,0,2527
14/Jul/1995,22,3021,NORMAL,5517,0,2527
14/Jul/1995,23,2526,NORMAL,5517,0,2527
15/Aug/1995,00,1596,NORMAL,5517,0,2527
15/Aug/1995,01,1161,NORMAL,5517,0,2527
15/Aug/1995,02,1315,NORMAL,5517,0,2527
15/Aug/1995,03,925,NORMAL,5517,0,2527
15/Aug/1995,04,1021,NORMAL,5517,0,2527
15/Aug/1995,05,988,NORMAL,5517,0,2527
15/Aug/1995,06,1217,NORMAL,5517,0,2527
15/Aug/1995,07,1579,NORMAL,5517,0,2527
15/Aug/1995,08,2974,NORMAL,5517,0,2527
15/Aug/1995,09,2800,NORMAL,5517,0,2527
15/Aug/1995,10,3577,NORMAL,5517,0,2527
15/Aug/1995,11,4056,NORMAL,5517,0,2527
15/Aug/1995,12,4193,NORMAL,5517,0,2527
15/Aug/1995,13,4294,NORMAL,5517,0,2527
15/Aug/1995,14,3983,NORMAL,5517,0,2527
15/Aug/1995,15,4295,NORMAL,5517,0,2527
15/Aug/1995,16,4179,NORMAL,5517,0,2527
15/Aug/1995,17,3135,NORMAL,5517,0,2527
15/Aug/1995,18,2263,NORMAL,5517,0,2527
15/Aug/1995,19,2074,NORMAL,5517,0,2527
15/Aug/1995,20,1672,NORMAL,5517,0,2527
15/Aug/1995,21,1888,NORMAL,5517,0,2527
15/Aug/1995,22,1968,NORMAL,5517,0,2527
15/Aug/1995,23,1688,NORMAL,5517,0,2527
15/Jul/1995,00,1916,NORMAL,5517,0,2527
15/Jul/1995,01,1960,NORMAL,5517,0,2527
15/Jul/1995,02,1525,NORMAL,5517,0,2527
15/Jul/1995,03,1299,NORMAL,5517,0,2527
15/Jul/1995,04,1086,NORMAL,5517,0,2527
15/Jul/1995,05,950,NORMAL,5517,0,2527
15/Jul/1995,06,756,NORMAL,5517,0,2527
15/Jul/1995,07,1044,NORMAL,5517,0,2527
15/Jul/1995,08,1225,NORMAL,5517,0,2527
15/Jul/1995,09,1554,NORMAL,5517,0,2527
15/Jul/1995,10,2012,NORMAL,5517,0,2527
15/Jul/1995,11,2082,NORMAL,5517,0,2527
15/Jul/1995,12,2275,NORMAL,5517,0,2527
15/Jul/1995,13,2283,NORMAL,5517,0,2527
15/Jul/1995,14,2602,NORMAL,5517,0,2527
15/Jul/1995,15,2605,NORMAL,5517,0,2527
15/Jul/1995,16,2642,NORMAL,5517,0,2527
15/Jul/1995,17,2510,NORMAL,5517,0,2527
15/Jul/1995,18,2123,NORMAL,5517,0,2527
15/Jul/1995,19,2307,NORMAL,5517,0,2527
15/Jul/1995,20,2095,NORMAL,5517,0,2527
15/Jul/1995,21,2024,NORMAL,5517,0,2527
15/Jul/1995,22,2294,NORMAL,5517,0,2527
15/Jul/1995,23,2343,NORMAL,5517,0,2527
16/Aug/1995,00,1434,NORMAL,5517,0,2527
16/Aug/1995,01,1379,NORMAL,5517,0,2527
16/Aug/1995,02,1098,NORMAL,5517,0,2527
16/Aug/1995,03,1074,NORMAL,5517,0,2527
16/Aug/1995,04,830,NORMAL,5517,0,2527
16/Aug/1995,05,835,NORMAL,5517,0,2527
16/Aug/1995,06,1079,NORMAL,5517,0,2527
16/Aug/1995,07,1681,NORMAL,5517,0,2527
16/Aug/1995,08,2338,NORMAL,5517,0,2527
16/Aug/1995,09,2909,NORMAL,5517,0,2527
16/Aug/1995,10,3386,NORMAL,5517,0,2527
16/Aug/1995,11,3590,NORMAL,5517,0,2527
16/Aug/1995,12,3579,NORMAL,5517,0,2527
16/Aug/1995,13,3930,NORMAL,5517,0,2527
16/Aug/1995,14,4178,NORMAL,5517,0,2527
16/Aug/1995,15,3943,NORMAL,5517,0,2527
16/Aug/1995,16,3498,NORMAL,5517,0,2527
16/Aug/1995,17,3040,NORMAL,5517,0,2527
16/Aug/1995,18,2406,NORMAL,5517,0,2527
16/Aug/1995,19,2252,NORMAL,5517,0,2527
16/Aug/1995,20,2042,NORMAL,5517,0,2527
16/Aug/1995,21,2331,NORMAL,5517,0,2527
16/Aug/1995,22,1968,NORMAL,5517,0,2527
16/Aug/1995,23,1851,NORMAL,5517,0,2527
16/Jul/1995,00,2068,NORMAL,5517,0,2527
16/Jul/1995,01,2083,NORMAL,5517,0,2527
16/Jul/1995,02,1285,NORMAL,5517,0,2527
16/Jul/1995,03,844,NORMAL,5517,0,2527
16/Jul/1995,04,758,NORMAL,5517,0,2527
16/Jul/1995,05,561,NORMAL,5517,0,2527
16/Jul/1995,06,876,NORMAL,5517,0,2527
16/Jul/1995,07,742,NORMAL,5517,0,2527
16/Jul/1995,08,1010,NORMAL,5517,0,2527
16/Jul/1995,09,1396,NORMAL,5517,0,2527
16/Jul/1995,10,1646,NORMAL,5517,0,2527
16/Jul/1995,11,1964,NORMAL,5517,0,2527
16/Jul/1995,12,2283,NORMAL,5517,0,2527
16/Jul/1995,13,2638,NORMAL,5517,0,2527
16/Jul/1995,14,3006,NORMAL,5517,0,2527
16/Jul/1995,15,2644,NORMAL,5517,0,2527
16/Jul/1995,16,2481,NORMAL,5517,0,2527
16/Jul/1995,17,2886,NORMAL,5517,0,2527
16/Jul/1995,18,2643,NORMAL,5517,0,2527
16/Jul/1995,19,3014,NORMAL,5517,0,2527
16/Jul/1995,20,2733,NORMAL,5517,0,2527
16/Jul/1995,21,2805,NORMAL,5517,0,2527
16/Jul/1995,22,3000,NORMAL,5517,0,2527
16/Jul/1995,23,2480,NORMAL,5517,0,2527
17/Aug/1995,00,1511,NORMAL,5517,0,2527
17/Aug/1995,01,1317,NORMAL,5517,0,2527
17/Aug/1995,02,1016,NORMAL,5517,0,2527
17/Aug/1995,03,743,NORMAL,5517,0,2527
17/Aug/1995,04,1098,NORMAL,5517,0,2527
17/Aug/1995,05,811,NORMAL,5517,0,2527
17/Aug/1995,06,917,NORMAL,5517,0,2527
17/Aug/1995,07,1843,NORMAL,5517,0,2527
17/Aug/1995,08,2630,NORMAL,5517,0,2527
17/Aug/1995,09,3072,NORMAL,5517,0,2527
17/Aug/1995,10,3691,NORMAL,5517,0,2527
17/Aug/1995,11,3477,NORMAL,5517,0,2527
17/Aug/1995,12,4047,NORMAL,5517,0,2527
17/Aug/1995,13,4034,NORMAL,5517,0,2527
17/Aug/1995,14,4061,NORMAL,5517,0,2527
17/Aug/1995,15,4638,NORMAL,5517,0,2527
17/Aug/1995,16,4086,NORMAL,5517,0,2527
17/Aug/1995,17,3104,NORMAL,5517,0,2527
17/Aug/1995,18,2544,NORMAL,5517,0,2527
17/Aug/1995,19,2369,NORMAL,5517,0,2527
17/Aug/1995,20,2328,NORMAL,5517,0,2527
17/Aug/1995,21,1949,NORMAL,5517,0,2527
17/Aug/1995,22,1864,NORMAL,5517,0,2527
17/Aug/1995,23,1830,NORMAL,5517,0,2527
17/Jul/1995,00,2053,NORMAL,5517,0,2527
17/Jul/1995,01,1677,NORMAL,5517,0,2527
17/Jul/1995,02,1066,NORMAL,5517,0,2527
17/Jul/1995,03,1111,NORMAL,5517,0,2527
17/Jul/1995,04,1246,NORMAL,5517,0,2527
17/Jul/1995,05,970,NORMAL,5517,0,2527
17/Jul/1995,06,958,NORMAL,5517,0,2527
17/Jul/1995,07,1851,NORMAL,5517,0,2527
17/Jul/1995,08,2680,NORMAL,5517,0,2527
17/Jul/1995,09,3962,NORMAL,5517,0,2527
17/Jul/1995,10,4511,NORMAL,5517,0,2527
17/Jul/1995,11,4777,NORMAL,5517,0,2527
17/Jul/1995,12,4825,NORMAL,5517,0,2527
17/Jul/1995,13,4998,NORMAL,5517,0,2527
17/Jul/1995,14,6424,HIGH,5517,0,2527
17/Jul/1995,15,5301,NORMAL,5517,0,2527
17/Jul/1995,16,5428,NORMAL,5517,0,2527
17/Jul/1995,17,3981,NORMAL,5517,0,2527
17/Jul/1995,18,3385,NORMAL,5517,0,2527
17/Jul/1995,19,2742,NORMAL,5517,0,2527
17/Jul/1995,20,2553,NORMAL,5517,0,2527
17/Jul/1995,21,3170,NORMAL,5517,0,2527
17/Jul/1995,22,2896,NORMAL,5517,0,2527
17/Jul/1995,23,2411,NORMAL,5517,0,2527
18/Aug/1995,00,1268,NORMAL,5517,0,2527
18/Aug/1995,01,1622,NORMAL,5517,0,2527
18/Aug/1995,02,1148,NORMAL,5517,0,2527
18/Aug/1995,03,1131,NORMAL,5517,0,2527
18/Aug/1995,04,931,NORMAL,5517,0,2527
18/Aug/1995,05,936,NORMAL,5517,0,2527
18/Aug/1995,06,1040,NORMAL,5517,0,2527
18/Aug/1995,07,1758,NORMAL,5517,0,2527
18/Aug/1995,08,2672,NORMAL,5517,0,2527
18/Aug/1995,09,2973,NORMAL,5517,0,2527
18/Aug/1995,10,3487,NORMAL,5517,0,2527
18/Aug/1995,11,3757,NORMAL,5517,0,2527
18/Aug/1995,12,3648,NORMAL,5517,0,2527
18/Aug/1995,13,4320,NORMAL,5517,0,2527
18/Aug/1995,14,4046,NORMAL,5517,0,2527
18/Aug/1995,15,4257,NORMAL,5517,0,2527
18/Aug/1995,16,3706,NORMAL,5517,0,2527
18/Aug/1995,17,2860,NORMAL,5517,0,2527
18/Aug/1995,18,2056,NORMAL,5517,0,2527
18/Aug/1995,19,1765,NORMAL,5517,0,2527
18/Aug/1995,20,1640,NORMAL,5517,0,2527
18/Aug/1995,21,1729,NORMAL,5517,0,2527
18/Aug/1995,22,1894,NORMAL,5517,0,2527
18/Aug/1995,23,1600,NORMAL,5517,0,2527
18/Jul/1995,00,2291,NORMAL,5517,0,2527
18/Jul/1995,01,1790,NORMAL,5517,0,2527
18/Jul/1995,02,1670,NORMAL,5517,0,2527
18/Jul/1995,03,792,NORMAL,5517,0,2527
18/Jul/1995,04,316,NORMAL,5517,0,2527
18/Jul/1995,05,409,NORMAL,5517,0,2527
18/Jul/1995,06,371,NORMAL,5517,0,2527
18/Jul/1995,07,944,NORMAL,5517,0,2527
18/Jul/1995,08,2279,NORMAL,5517,0,2527
18/Jul/1995,09,3403,NORMAL,5517,0,2527
18/Jul/1995,10,3235,NORMAL,5517,0,2527
18/Jul/1995,11,3688,NORMAL,5517,0,2527
18/Jul/1995,12,4723,NORMAL,5517,0,2527
18/Jul/1995,13,5103,NORMAL,5517,0,2527
18/Jul/1995,14,4681,NORMAL,5517,0,2527
18/Jul/1995,15,5426,NORMAL,5517,0,2527
18/Jul/1995,16,5474,NORMAL,5517,0,2527
18/Jul/1995,17,2718,NORMAL,5517,0,2527
18/Jul/1995,18,2535,NORMAL,5517,0,2527
18/Jul/1995,19,3252,NORMAL,5517,0,2527
18/Jul/1995,20,2352,NORMAL,5517,0,2527
18/Jul/1995,21,2433,NORMAL,5517,0,2527
18/Jul/1995,22,1970,NORMAL,5517,0,2527
18/Jul/1995,23,2410,NORMAL,5517,0,2527
19/Aug/1995,00,1628,NORMAL,5517,0,2527
19/Aug/1995,01,964,NORMAL,5517,0,2527
19/Aug/1995,02,1184,NORMAL,5517,0,2527
19/Aug/1995,03,1029,NORMAL,5517,0,2527
19/Aug/1995,04,746,NORMAL,5517,0,2527
19/Aug/1995,05,618,NORMAL,5517,0,2527
19/Aug/1995,06,820,NORMAL,5517,0,2527
19/Aug/1995,07,924,NORMAL,5517,0,2527
19/Aug/1995,08,1079,NORMAL,5517,0,2527
19/Aug/1995,09,1346,NORMAL,5517,0,2527
19/Aug/1995,10,1509,NORMAL,5517,0,2527
19/Aug/1995,11,1515,NORMAL,5517,0,2527
19/Aug/1995,12,1510,NORMAL,5517,0,2527
19/Aug/1995,13,1411,NORMAL,5517,0,2527
19/Aug/1995,14,1977,NORMAL,5517,0,2527
19/Aug/1995,15,1726,NORMAL,5517,0,2527
19/Aug/1995,16,1544,NORMAL,5517,0,2527
19/Aug/1995,17,1639,NORMAL,5517,0,2527
19/Aug/1995,18,1334,NORMAL,5517,0,2527
19/Aug/1995,19,1390,NORMAL,5517,0,2527
19/Aug/1995,20,1516,NORMAL,5517,0,2527
19/Aug/1995,21,1531,NORMAL,5517,0,2527
19/Aug/1995,22,1524,NORMAL,5517,0,2527
19/Aug/1995,23,1628,NORMAL,5517,0,2527
19/Jul/1995,00,1816,NORMAL,5517,0,2527
19/Jul/1995,01,1631,NORMAL,5517,0,2527
19/Jul/1995,02,1470,NORMAL,5517,0,2527
19/Jul/1995,03,1363,NORMAL,5517,0,2527
19/Jul/1995,04,1485,NORMAL,5517,0,2527
19/Jul/1995,05,1093,NORMAL,5517,0,2527
19/Jul/1995,06,1450,NORMAL,5517,0,2527
19/Jul/1995,07,2259,NORMAL,5517,0,2527
19/Jul/1995,08,3045,NORMAL,5517,0,2527
19/Jul/1995,09,3689,NORMAL,5517,0,2527
19/Jul/1995,10,4494,NORMAL,5517,0,2527
19/Jul/1995,11,4893,NORMAL,5517,0,2527
19/Jul/1995,12,5163,NORMAL,5517,0,2527
19/Jul/1995,13,4639,NORMAL,5517,0,2527
19/Jul/1995,14,4938,NORMAL,5517,0,2527
19/Jul/1995,15,5297,NORMAL,5517,0,2527
19/Jul/1995,16,4505,NORMAL,5517,0,2527
19/Jul/1995,17,4228,NORMAL,5517,0,2527
19/Jul/1995,18,3061,NORMAL,5517,0,2527
19/Jul/1995,19,2805,NORMAL,5517,0,2527
19/Jul/1995,20,2888,NORMAL,5517,0,2527
19/Jul/1995,21,2483,NORMAL,5517,0,2527
19/Jul/1995,22,1880,NORMAL,5517,0,2527
19/Jul/1995,23,2162,NORMAL,5517,0,2527
20/Aug/1995,00,1651,NORMAL,5517,0,2527
20/Aug/1995,01,1354,NORMAL,5517,0,2527
20/Aug/1995,02,847,NORMAL,5517,0,2527
20/Aug/1995,03,910,NORMAL,5517,0,2527
20/Aug/1995,04,718,NORMAL,5517,0,2527
20/Aug/1995,05,577,NORMAL,5517,0,2527
20/Aug/1995,06,502,NORMAL,5517,0,2527
20/Aug/1995,07,849,NORMAL,5517,0,2527
20/Aug/1995,08,869,NORMAL,5517,0,2527
20/Aug/1995,09,1291,NORMAL,5517,0,2527
20/Aug/1995,10,1668,NORMAL,5517,0,2527
20/Aug/1995,11,1509,NORMAL,5517,0,2527
20/Aug/1995,12,1709,NORMAL,5517,0,2527
20/Aug/1995,13,1678,NORMAL,5517,0,2527
20/Aug/1995,14,1704,NORMAL,5517,0,2527
20/Aug/1995,15,1594,NORMAL,5517,0,2527
20/Aug/1995,16,1985,NORMAL,5517,0,2527
20/Aug/1995,17,1592,NORMAL,5517,0,2527
20/Aug/1995,18,1601,NORMAL,5517,0,2527
20/Aug/1995,19,1518,NORMAL,5517,0,2527
20/Aug/1995,20,1617,NORMAL,5517,0,2527
20/Aug/1995,21,1570,NORMAL,5517,0,2527
20/Aug/1995,22,1705,NORMAL,5517,0,2527
20/Aug/1995,23,1930,NORMAL,5517,0,2527
20/Jul/1995,00,1970,NORMAL,5517,0,2527
20/Jul/1995,01,1650,NORMAL,5517,0,2527
20/Jul/1995,02,1673,NORMAL,5517,0,2527
20/Jul/1995,03,1099,NORMAL,5517,0,2527
20/Jul/1995,04,918,NORMAL,5517,0,2527
20/Jul/1995,05,989,NORMAL,5517,0,2527
20/Jul/1995,06,956,NORMAL,5517,0,2527
20/Jul/1995,07,2112,NORMAL,5517,0,2527
20/Jul/1995,08,3107,NORMAL,5517,0,2527
20/Jul/1995,09,3507,NORMAL,5517,0,2527
20/Jul/1995,10,4228,NORMAL,5517,0,2527
20/Jul/1995,11,4415,NORMAL,5517,0,2527
20/Jul/1995,12,5177,NORMAL,5517,0,2527
20/Jul/1995,13,4311,NORMAL,5517,0,2527
20/Jul/1995,14,4561,NORMAL,5517,0,2527
20/Jul/1995,15,4864,NORMAL,5517,0,2527
20/Jul/1995,16,4619,NORMAL,5517,0,2527
20/Jul/1995,17,3910,NORMAL,5517,0,2527
20/Jul/1995,18,2088,NORMAL,5517,0,2527
20/Jul/1995,19,1866,NORMAL,5517,0,2527
20/Jul/1995,20,2038,NORMAL,5517,0,2527
20/Jul/1995,21,2103,NORMAL,5517,0,2527
20/Jul/1995,22,2288,NORMAL,5517,0,2527
20/Jul/1995,23,2140,NORMAL,5517,0,2527
21/Aug/1995,00,1691,NORMAL,5517,0,2527
21/Aug/1995,01,1585,NORMAL,5517,0,2527
21/Aug/1995,02,1215,NORMAL,5517,0,2527
21/Aug/1995,03,1062,NORMAL,5517,0,2527
21/Aug/1995,04,859,NORMAL,5517,0,2527
21/Aug/1995,05,1111,NORMAL,5517,0,2527
21/Aug/1995,06,1090,NORMAL,5517,0,2527
21/Aug/1995,07,1470,NORMAL,5517,0,2527
21/Aug/1995,08,2021,NORMAL,5517,0,2527
21/Aug/1995,09,2400,NORMAL,5517,0,2527
21/Aug/1995,10,2998,NORMAL,5517,0,2527
21/Aug/1995,11,3694,NORMAL,5517,0,2527
21/Aug/1995,12,4555,NORMAL,5517,0,2527
21/Aug/1995,13,3634,NORMAL,5517,0,2527
21/Aug/1995,14,3218,NORMAL,5517,0,2527
21/Aug/1995,15,4213,NORMAL,5517,0,2527
21/Aug/1995,16,4020,NORMAL,5517,0,2527
21/Aug/1995,17,3057,NORMAL,5517,0,2527
21/Aug/1995,18,2690,NORMAL,5517,0,2527
21/Aug/1995,19,1880,NORMAL,5517,0,2527
21/Aug/1995,20,2068,NORMAL,5517,0,2527
21/Aug/1995,21,2015,NORMAL,5517,0,2527
21/Aug/1995,22,1442,NORMAL,5517,0,2527
21/Aug/1995,23,1533,NORMAL,5517,0,2527
21/Jul/1995,00,1649,NORMAL,5517,0,2527
21/Jul/1995,01,1206,NORMAL,5517,0,2527
21/Jul/1995,02,1419,NORMAL,5517,0,2527
21/Jul/1995,03,1051,NORMAL,5517,0,2527
21/Jul/1995,04,889,NORMAL,5517,0,2527
21/Jul/1995,05,1140,NORMAL,5517,0,2527
21/Jul/1995,06,1174,NORMAL,5517,0,2527
21/Jul/1995,07,2489,NORMAL,5517,0,2527
21/Jul/1995,08,3667,NORMAL,5517,0,2527
21/Jul/1995,09,4084,NORMAL,5517,0,2527
21/Jul/1995,10,3995,NORMAL,5517,0,2527
21/Jul/1995,11,4292,NORMAL,5517,0,2527
21/Jul/1995,12,4273,NORMAL,5517,0,2527
21/Jul/1995,13,5750,HIGH,5517,0,2527
21/Jul/1995,14,4713,NORMAL,5517,0,2527
21/Jul/1995,15,4106,NORMAL,5517,0,2527
21/Jul/1995,16,4020,NORMAL,5517,0,2527
21/Jul/1995,17,3437,NORMAL,5517,0,2527
21/Jul/1995,18,1780,NORMAL,5517,0,2527
21/Jul/1995,19,1736,NORMAL,5517,0,2527
21/Jul/1995,20,1661,NORMAL,5517,0,2527
21/Jul/1995,21,2356,NORMAL,5517,0,2527
21/Jul/1995,22,1787,NORMAL,5517,0,2527
21/Jul/1995,23,1953,NORMAL,5517,0,2527
22/Aug/1995,00,1572,NORMAL,5517,0,2527
22/Aug/1995,01,1135,NORMAL,5517,0,2527
22/Aug/1995,02,929,NORMAL,5517,0,2527
22/Aug/1995,03,1146,NORMAL,5517,0,2527
22/Aug/1995,04,893,NORMAL,5517,0,2527
22/Aug/1995,05,850,NORMAL,5517,0,2527
22/Aug/1995,06,991,NORMAL,5517,0,2527
22/Aug/1995,07,1854,NORMAL,5517,0,2527
22/Aug/1995,08,2401,NORMAL,5517,0,2527
22/Aug/1995,09,3074,NORMAL,5517,0,2527
22/Aug/1995,10,2772,NORMAL,5517,0,2527
22/Aug/1995,11,3743,NORMAL,5517,0,2527
22/Aug/1995,12,4199,NORMAL,5517,0,2527
22/Aug/1995,13,4433,NORMAL,5517,0,2527
22/Aug/1995,14,3882,NORMAL,5517,0,2527
22/Aug/1995,15,4283,NORMAL,5517,0,2527
22/Aug/1995,16,4366,NORMAL,5517,0,2527
22/Aug/1995,17,3076,NORMAL,5517,0,2527
22/Aug/1995,18,2520,NORMAL,5517,0,2527
22/Aug/1995,19,2062,NORMAL,5517,0,2527
22/Aug/1995,20,2010,NORMAL,5517,0,2527
22/Aug/1995,21,2089,NORMAL,5517,0,2527
22/Aug/1995,22,1836,NORMAL,5517,0,2527
22/Aug/1995,23,1642,NORMAL,5517,0,2527
22/Jul/1995,00,1591,NORMAL,5517,0,2527
22/Jul/1995,01,1764,NORMAL,5517,0,2527
22/Jul/1995,02,1123,NORMAL,5517,0,2527
22/Jul/1995,03,984,NORMAL,5517,0,2527
22/Jul/1995,04,943,NORMAL,5517,0,2527
22/Jul/1995,05,758,NORMAL,5517,0,2527
22/Jul/1995,06,674,NORMAL,5517,0,2527
22/Jul/1995,07,896,NORMAL,5517,0,2527
22/Jul/1995,08,1468,NORMAL,5517,0,2527
22/Jul/1995,09,1120,NORMAL,5517,0,2527
22/Jul/1995,10,1358,NORMAL,5517,0,2527
22/Jul/1995,11,1501,NORMAL,5517,0,2527
22/Jul/1995,12,1956,NORMAL,5517,0,2527
22/Jul/1995,13,1837,NORMAL,5517,0,2527
22/Jul/1995,14,2059,NORMAL,5517,0,2527
22/Jul/1995,15,2207,NORMAL,5517,0,2527
22/Jul/1995,16,2303,NORMAL,5517,0,2527
22/Jul/1995,17,1746,NORMAL,5517,0,2527
22/Jul/1995,18,1645,NORMAL,5517,0,2527
22/Jul/1995,19,1042,NORMAL,5517,0,2527
22/Jul/1995,20,1402,NORMAL,5517,0,2527
22/Jul/1995,21,1281,NORMAL,5517,0,2527
22/Jul/1995,22,1480,NORMAL,5517,0,2527
22/Jul/1995,23,2118,NORMAL,5517,0,2527
23/Aug/1995,00,1503,NORMAL,5517,0,2527
23/Aug/1995,01,1093,NORMAL,5517,0,2527
23/Aug/1995,02,1155,NORMAL,5517,0,2527
23/Aug/1995,03,1107,NORMAL,5517,0,2527
23/Aug/1995,04,902,NORMAL,5517,0,2527
23/Aug/1995,05,929,NORMAL,5517,0,2527
23/Aug/1995,06,1350,NORMAL,5517,0,2527
23/Aug/1995,07,1730,NORMAL,5517,0,2527
23/Aug/1995,08,2646,NORMAL,5517,0,2527
23/Aug/1995,09,2848,NORMAL,5517,0,2527
23/Aug/1995,10,2903,NORMAL,5517,0,2527
23/Aug/1995,11,3662,NORMAL,5517,0,2527
23/Aug/1995,12,4422,NORMAL,5517,0,2527
23/Aug/1995,13,4339,NORMAL,5517,0,2527
23/Aug/1995,14,3946,NORMAL,5517,0,2527
23/Aug/1995,15,4369,NORMAL,5517,0,2527
23/Aug/1995,16,4572,NORMAL,5517,0,2527
23/Aug/1995,17,2845,NORMAL,5517,0,2527
23/Aug/1995,18,2456,NORMAL,5517,0,2527
23/Aug/1995,19,2200,NORMAL,5517,0,2527
23/Aug/1995,20,2150,NORMAL,5517,0,2527
23/Aug/1995,21,1331,NORMAL,5517,0,2527
23/Aug/1995,22,1850,NORMAL,5517,0,2527
23/Aug/1995,23,1789,NORMAL,5517,0,2527
23/Jul/1995,00,1813,NORMAL,5517,0,2527
23/Jul/1995,01,1579,NORMAL,5517,0,2527
23/Jul/1995,02,1324,NORMAL,5517,0,2527
23/Jul/1995,03,915,NORMAL,5517,0,2527
23/Jul/1995,04,900,NORMAL,5517,0,2527
23/Jul/1995,05,818,NORMAL,5517,0,2527
23/Jul/1995,06,671,NORMAL,5517,0,2527
23/Jul/1995,07,472,NORMAL,5517,0,2527
23/Jul/1995,08,1341,NORMAL,5517,0,2527
23/Jul/1995,09,1301,NORMAL,5517,0,2527
23/Jul/1995,10,1299,NORMAL,5517,0,2527
23/Jul/1995,11,1605,NORMAL,5517,0,2527
23/Jul/1995,12,1568,NORMAL,5517,0,2527
23/Jul/1995,13,1820,NORMAL,5517,0,2527
23/Jul/1995,14,1964,NORMAL,5517,0,2527
23/Jul/1995,15,2146,NORMAL,5517,0,2527
23/Jul/1995,16,2169,NORMAL,5517,0,2527
23/Jul/1995,17,2171,NORMAL,5517,0,2527
23/Jul/1995,18,1836,NORMAL,5517,0,2527
23/Jul/1995,19,1922,NORMAL,5517,0,2527
23/Jul/1995,20,2423,NORMAL,5517,0,2527
23/Jul/1995,21,2592,NORMAL,5517,0,2527
23/Jul/1995,22,2406,NORMAL,5517,0,2527
23/Jul/1995,23,2140,NORMAL,5517,0,2527
24/Aug/1995,00,1412,NORMAL,5517,0,2527
24/Aug/1995,01,1064,NORMAL,5517,0,2527
24/Aug/1995,02,860,NORMAL,5517,0,2527
24/Aug/1995,03,670,NORMAL,5517,0,2527
24/Aug/1995,04,595,NORMAL,5517,0,2527
24/Aug/1995,05,634,NORMAL,5517,0,2527
24/Aug/1995,06,900,NORMAL,5517,0,2527
24/Aug/1995,07,1462,NORMAL,5517,0,2527
24/Aug/1995,08,2492,NORMAL,5517,0,2527
24/Aug/1995,09,2778,NORMAL,5517,0,2527
24/Aug/1995,10,3835,NORMAL,5517,0,2527
24/Aug/1995,11,3911,NORMAL,5517,0,2527
24/Aug/1995,12,4259,NORMAL,5517,0,2527
24/Aug/1995,13,2709,NORMAL,5517,0,2527
24/Aug/1995,14,2596,NORMAL,5517,0,2527
24/Aug/1995,15,4095,NORMAL,5517,0,2527
24/Aug/1995,16,3526,NORMAL,5517,0,2527
24/Aug/1995,17,2785,NORMAL,5517,0,2527
24/Aug/1995,18,2520,NORMAL,5517,0,2527
24/Aug/1995,19,1890,NORMAL,5517,0,2527
24/Aug/1995,20,2065,NORMAL,5517,0,2527
24/Aug/1995,21,1927,NORMAL,5517,0,2527
24/Aug/1995,22,2048,NORMAL,5517,0,2527
24/Aug/1995,23,1517,NORMAL,5517,0,2527
24/Jul/1995,00,1827,NORMAL,5517,0,2527
24/Jul/1995,01,1219,NORMAL,5517,0,2527
24/Jul/1995,02,1211,NORMAL,5517,0,2527
24/Jul/1995,03,946,NORMAL,5517,0,2527
24/Jul/1995,04,802,NORMAL,5517,0,2527
24/Jul/1995,05,1050,NORMAL,5517,0,2527
24/Jul/1995,06,1174,NORMAL,5517,0,2527
24/Jul/1995,07,1734,NORMAL,5517,0,2527
24/Jul/1995,08,2616,NORMAL,5517,0,2527
24/Jul/1995,09,3587,NORMAL,5517,0,2527
24/Jul/1995,10,3332,NORMAL,5517,0,2527
24/Jul/1995,11,4016,NORMAL,5517,0,2527
24/Jul/1995,12,5060,NORMAL,5517,0,2527
24/Jul/1995,13,4923,NORMAL,5517,0,2527
24/Jul/1995,14,4900,NORMAL,5517,0,2527
24/Jul/1995,15,5247,NORMAL,5517,0,2527
24/Jul/1995,16,4896,NORMAL,5517,0,2527
24/Jul/1995,17,3695,NORMAL,5517,0,2527
24/Jul/1995,18,2326,NORMAL,5517,0,2527
24/Jul/1995,19,2239,NORMAL,5517,0,2527
24/Jul/1995,20,1566,NORMAL,5517,0,2527
24/Jul/1995,21,2144,NORMAL,5517,0,2527
24/Jul/1995,22,1958,NORMAL,5517,0,2527
24/Jul/1995,23,1783,NORMAL,5517,0,2527
25/Aug/1995,00,1507,NORMAL,5517,0,2527
25/Aug/1995,01,1311,NORMAL,5517,0,2527
25/Aug/1995,02,1178,NORMAL,5517,0,2527
25/Aug/1995,03,959,NORMAL,5517,0,2527
25/Aug/1995,04,850,NORMAL,5517,0,2527
25/Aug/1995,05,1159,NORMAL,5517,0,2527
25/Aug/1995,06,1060,NORMAL,5517,0,2527
25/Aug/1995,07,2082,NORMAL,5517,0,2527
25/Aug/1995,08,2978,NORMAL,5517,0,2527
25/Aug/1995,09,3270,NORMAL,5517,0,2527
25/Aug/1995,10,3443,NORMAL,5517,0,2527
25/Aug/1995,11,3750,NORMAL,5517,0,2527
25/Aug/1995,12,4091,NORMAL,5517,0,2527
25/Aug/1995,13,4046,NORMAL,5517,0,2527
25/Aug/1995,14,3872,NORMAL,5517,0,2527
25/Aug/1995,15,3991,NORMAL,5517,0,2527
25/Aug/1995,16,3391,NORMAL,5517,0,2527
25/Aug/1995,17,2802,NORMAL,5517,0,2527
25/Aug/1995,18,2162,NORMAL,5517,0,2527
25/Aug/1995,19,1840,NORMAL,5517,0,2527
25/Aug/1995,20,1811,NORMAL,5517,0,2527
25/Aug/1995,21,2127,NORMAL,5517,0,2527
25/Aug/1995,22,1720,NORMAL,5517,0,2527
25/Aug/1995,23,1916,NORMAL,5517,0,2527
25/Jul/1995,00,1419,NORMAL,5517,0,2527
25/Jul/1995,01,1360,NORMAL,5517,0,2527
25/Jul/1995,02,1079,NORMAL,5517,0,2527
25/Jul/1995,03,1125,NORMAL,5517,0,2527
25/Jul/1995,04,1060,NORMAL,5517,0,2527
25/Jul/1995,05,933,NORMAL,5517,0,2527
25/Jul/1995,06,826,NORMAL,5517,0,2527
25/Jul/1995,07,1558,NORMAL,5517,0,2527
25/Jul/1995,08,2479,NORMAL,5517,0,2527
25/Jul/1995,09,3337,NORMAL,5517,0,2527
25/Jul/1995,10,3723,NORMAL,5517,0,2527
25/Jul/1995,11,4292,NORMAL,5517,0,2527
25/Jul/1995,12,5108,NORMAL,5517,0,2527
25/Jul/1995,13,5128,NORMAL,5517,0,2527
25/Jul/1995,14,4117,NORMAL,5517,0,2527
25/Jul/1995,15,4503,NORMAL,5517,0,2527
25/Jul/1995,16,4757,NORMAL,5517,0,2527
25/Jul/1995,17,3415,NORMAL,5517,0,2527
25/Jul/1995,18,2202,NORMAL,5517,0,2527
25/Jul/1995,19,2070,NORMAL,5517,0,2527
25/Jul/1995,20,2280,NORMAL,5517,0,2527
25/Jul/1995,21,2060,NORMAL,5517,0,2527
25/Jul/1995,22,2203,NORMAL,5517,0,2527
25/Jul/1995,23,1664,NORMAL,5517,0,2527
26/Aug/1995,00,1355,NORMAL,5517,0,2527
26/Aug/1995,01,1230,NORMAL,5517,0,2527
26/Aug/1995,02,770,NORMAL,5517,0,2527
26/Aug/1995,03,863,NORMAL,5517,0,2527
26/Aug/1995,04,590,NORMAL,5517,0,2527
26/Aug/1995,05,423,NORMAL,5517,0,2527
26/Aug/1995,06,479,NORMAL,5517,0,2527
26/Aug/1995,07,601,NORMAL,5517,0,2527
26/Aug/1995,08,1075,NORMAL,5517,0,2527
26/Aug/1995,09,1219,NORMAL,5517,0,2527
26/Aug/1995,10,1111,NORMAL,5517,0,2527
26/Aug/1995,11,1179,NORMAL,5517,0,2527
26/Aug/1995,12,1281,NORMAL,5517,0,2527
26/Aug/1995,13,1573,NORMAL,5517,0,2527
26/Aug/1995,14,1795,NORMAL,5517,0,2527
26/Aug/1995,15,1987,NORMAL,5517,0,2527
26/Aug/1995,16,1750,NORMAL,5517,0,2527
26/Aug/1995,17,1661,NORMAL,5517,0,2527
26/Aug/1995,18,1787,NORMAL,5517,0,2527
26/Aug/1995,19,1849,NORMAL,5517,0,2527
26/Aug/1995,20,1490,NORMAL,5517,0,2527
26/Aug/1995,21,1613,NORMAL,5517,0,2527
26/Aug/1995,22,1967,NORMAL,5517,0,2527
26/Aug/1995,23,1955,NORMAL,5517,0,2527
26/Jul/1995,00,1195,NORMAL,5517,0,2527
26/Jul/1995,01,1359,NORMAL,5517,0,2527
26/Jul/1995,02,1300,NORMAL,5517,0,2527
26/Jul/1995,03,1063,NORMAL,5517,0,2527
26/Jul/1995,04,1045,NORMAL,5517,0,2527
26/Jul/1995,05,706,NORMAL,5517,0,2527
26/Jul/1995,06,1023,NORMAL,5517,0,2527
26/Jul/1995,07,1626,NORMAL,5517,0,2527
26/Jul/1995,08,3060,NORMAL,5517,0,2527
26/Jul/1995,09,2275,NORMAL,5517,0,2527
26/Jul/1995,10,2144,NORMAL,5517,0,2527
26/Jul/1995,11,3464,NORMAL,5517,0,2527
26/Jul/1995,12,4340,NORMAL,5517,0,2527
26/Jul/1995,13,4662,NORMAL,5517,0,2527
26/Jul/1995,14,4510,NORMAL,5517,0,2527
26/Jul/1995,15,4257,NORMAL,5517,0,2527
26/Jul/1995,16,3501,NORMAL,5517,0,2527
26/Jul/1995,17,3210,NORMAL,5517,0,2527
26/Jul/1995,18,3045,NORMAL,5517,0,2527
26/Jul/1995,19,2279,NORMAL,5517,0,2527
26/Jul/1995,20,2090,NORMAL,5517,0,2527
26/Jul/1995,21,2215,NORMAL,5517,0,2527
26/Jul/1995,22,2244,NORMAL,5517,0,2527
26/Jul/1995,23,2230,NORMAL,5517,0,2527
27/Aug/1995,00,2106,NORMAL,5517,0,2527
27/Aug/1995,01,1316,NORMAL,5517,0,2527
27/Aug/1995,02,1103,NORMAL,5517,0,2527
27/Aug/1995,03,648,NORMAL,5517,0,2527
27/Aug/1995,04,568,NORMAL,5517,0,2527
27/Aug/1995,05,676,NORMAL,5517,0,2527
27/Aug/1995,06,781,NORMAL,5517,0,2527
27/Aug/1995,07,880,NORMAL,5517,0,2527
27/Aug/1995,08,888,NORMAL,5517,0,2527
27/Aug/1995,09,1047,NORMAL,5517,0,2527
27/Aug/1995,10,1113,NORMAL,5517,0,2527
27/Aug/1995,11,1147,NORMAL,5517,0,2527
27/Aug/1995,12,1587,NORMAL,5517,0,2527
27/Aug/1995,13,1580,NORMAL,5517,0,2527
27/Aug/1995,14,1393,NORMAL,5517,0,2527
27/Aug/1995,15,1472,NORMAL,5517,0,2527
27/Aug/1995,16,1680,NORMAL,5517,0,2527
27/Aug/1995,17,1580,NORMAL,5517,0,2527
27/Aug/1995,18,1577,NORMAL,5517,0,2527
27/Aug/1995,19,1668,NORMAL,5517,0,2527
27/Aug/1995,20,2285,NORMAL,5517,0,2527
27/Aug/1995,21,2098,NORMAL,5517,0,2527
27/Aug/1995,22,1946,NORMAL,5517,0,2527
27/Aug/1995,23,1680,NORMAL,5517,0,2527
27/Jul/1995,00,2167,NORMAL,5517,0,2527
27/Jul/1995,01,1542,NORMAL,5517,0,2527
27/Jul/1995,02,1165,NORMAL,5517,0,2527
27/Jul/1995,03,1206,NORMAL,5517,0,2527
27/Jul/1995,04,1200,NORMAL,5517,0,2527
27/Jul/1995,05,1080,NORMAL,5517,0,2527
27/Jul/1995,06,1291,NORMAL,5517,0,2527
27/Jul/1995,07,1843,NORMAL,5517,0,2527
27/Jul/1995,08,2624,NORMAL,5517,0,2527
27/Jul/1995,09,2988,NORMAL,5517,0,2527
27/Jul/1995,10,3358,NORMAL,5517,0,2527
27/Jul/1995,11,4101,NORMAL,5517,0,2527
27/Jul/1995,12,4233,NORMAL,5517,0,2527
27/Jul/1995,13,4491,NORMAL,5517,0,2527
27/Jul/1995,14,4857,NORMAL,5517,0,2527
27/Jul/1995,15,4390,NORMAL,5517,0,2527
27/Jul/1995,16,3883,NORMAL,5517,0,2527
27/Jul/1995,17,3403,NORMAL,5517,0,2527
27/Jul/1995,18,2542,NORMAL,5517,0,2527
27/Jul/1995,19,1950,NORMAL,5517,0,2527
27/Jul/1995,20,2067,NORMAL,5517,0,2527
27/Jul/1995,21,2109,NORMAL,5517,0,2527
27/Jul/1995,22,1719,NORMAL,5517,0,2527
27/Jul/1995,23,1466,NORMAL,5517,0,2527
28/Aug/1995,00,1377,NORMAL,5517,0,2527
28/Aug/1995,01,1105,NORMAL,5517,0,2527
28/Aug/1995,02,1094,NORMAL,5517,0,2527
28/Aug/1995,03,1068,NORMAL,5517,0,2527
28/Aug/1995,04,764,NORMAL,5517,0,2527
28/Aug/1995,05,872,NORMAL,5517,0,2527
28/Aug/1995,06,1247,NORMAL,5517,0,2527
28/Aug/1995,07,1675,NORMAL,5517,0,2527
28/Aug/1995,08,2169,NORMAL,5517,0,2527
28/Aug/1995,09,2949,NORMAL,5517,0,2527
28/Aug/1995,10,2988,NORMAL,5517,0,2527
28/Aug/1995,11,3400,NORMAL,5517,0,2527
28/Aug/1995,12,3680,NORMAL,5517,0,2527
28/Aug/1995,13,3851,NORMAL,5517,0,2527
28/Aug/1995,14,3581,NORMAL,5517,0,2527
28/Aug/1995,15,4452,NORMAL,5517,0,2527
28/Aug/1995,16,3833,NORMAL,5517,0,2527
28/Aug/1995,17,3013,NORMAL,5517,0,2527
28/Aug/1995,18,2188,NORMAL,5517,0,2527
28/Aug/1995,19,1894,NORMAL,5517,0,2527
28/Aug/1995,20,2027,NORMAL,5517,0,2527
28/Aug/1995,21,2239,NORMAL,5517,0,2527
28/Aug/1995,22,2000,NORMAL,5517,0,2527
28/Aug/1995,23,2026,NORMAL,5517,0,2527
28/Jul/1995,00,1538,NORMAL,5517,0,2527
28/Jul/1995,01,1086,NORMAL,5517,0,2527
28/Jul/1995,02,979,NORMAL,5517,0,2527
28/Jul/1995,03,1202,NORMAL,5517,0,2527
28/Jul/1995,04,879,NORMAL,5517,0,2527
28/Jul/1995,05,916,NORMAL,5517,0,2527
28/Jul/1995,06,1086,NORMAL,5517,0,2527
28/Jul/1995,07,1616,NORMAL,5517,0,2527
28/Jul/1995,08,2541,NORMAL,5517,0,2527
28/Jul/1995,09,2741,NORMAL,5517,0,2527
28/Jul/1995,10,3555,NORMAL,5517,0,2527
28/Jul/1995,11,3569,NORMAL,5517,0,2527
28/Jul/1995,12,3505,NORMAL,5517,0,2527
28/Jul/1995,13,1905,NORMAL,5517,0,2527
29/Aug/1995,00,1584,NORMAL,5517,0,2527
29/Aug/1995,01,1604,NORMAL,5517,0,2527
29/Aug/1995,02,900,NORMAL,5517,0,2527
29/Aug/1995,03,1207,NORMAL,5517,0,2527
29/Aug/1995,04,1088,NORMAL,5517,0,2527
29/Aug/1995,05,1324,NORMAL,5517,0,2527
29/Aug/1995,06,1395,NORMAL,5517,0,2527
29/Aug/1995,07,2202,NORMAL,5517,0,2527
29/Aug/1995,08,2641,NORMAL,5517,0,2527
29/Aug/1995,09,3026,NORMAL,5517,0,2527
29/Aug/1995,10,4016,NORMAL,5517,0,2527
29/Aug/1995,11,4277,NORMAL,5517,0,2527
29/Aug/1995,12,4867,NORMAL,5517,0,2527
29/Aug/1995,13,5021,NORMAL,5517,0,2527
29/Aug/1995,14,4841,NORMAL,5517,0,2527
29/Aug/1995,15,5607,HIGH,5517,0,2527
29/Aug/1995,16,4269,NORMAL,5517,0,2527
29/Aug/1995,17,3365,NORMAL,5517,0,2527
29/Aug/1995,18,2764,NORMAL,5517,0,2527
29/Aug/1995,19,2168,NORMAL,5517,0,2527
29/Aug/1995,20,2411,NORMAL,5517,0,2527
29/Aug/1995,21,2786,NORMAL,5517,0,2527
29/Aug/1995,22,2225,NORMAL,5517,0,2527
29/Aug/1995,23,2396,NORMAL,5517,0,2527
30/Aug/1995,00,1985,NORMAL,5517,0,2527
30/Aug/1995,01,1118,NORMAL,5517,0,2527
30/Aug/1995,02,1366,NORMAL,5517,0,2527
30/Aug/1995,03,1198,NORMAL,5517,0,2527
30/Aug/1995,04,1355,NORMAL,5517,0,2527
30/Aug/1995,05,1160,NORMAL,5517,0,2527
30/Aug/1995,06,1535,NORMAL,5517,0,2527
30/Aug/1995,07,2355,NORMAL,5517,0,2527
30/Aug/1995,08,3936,NORMAL,5517,0,2527
30/Aug/1995,09,4458,NORMAL,5517,0,2527
30/Aug/1995,10,4914,NORMAL,5517,0,2527
30/Aug/1995,11,4759,NORMAL,5517,0,2527
30/Aug/1995,12,4399,NORMAL,5517,0,2527
30/Aug/1995,13,5173,NORMAL,5517,0,2527
30/Aug/1995,14,5193,NORMAL,5517,0,2527
30/Aug/1995,15,5889,HIGH,5517,0,2527
30/Aug/1995,16,5227,NORMAL,5517,0,2527
30/Aug/1995,17,4397,NORMAL,5517,0,2527
30/Aug/1995,18,2933,NORMAL,5517,0,2527
30/Aug/1995,19,3131,NORMAL,5517,0,2527
30/Aug/1995,20,3442,NORMAL,5517,0,2527
30/Aug/1995,21,3038,NORMAL,5517,0,2527
30/Aug/1995,22,3830,NORMAL,5517,0,2527
30/Aug/1995,23,3508,NORMAL,5517,0,2527
31/Aug/1995,00,2556,NORMAL,5517,0,2527
31/Aug/1995,01,2043,NORMAL,5517,0,2527
31/Aug/1995,02,2213,NORMAL,5517,0,2527
31/Aug/1995,03,2006,NORMAL,5517,0,2527
31/Aug/1995,04,2151,NORMAL,5517,0,2527
31/Aug/1995,05,1975,NORMAL,5517,0,2527
31/Aug/1995,06,2673,NORMAL,5517,0,2527
31/Aug/1995,07,4527,NORMAL,5517,0,2527
31/Aug/1995,08,4810,NORMAL,5517,0,2527
31/Aug/1995,09,5599,HIGH,5517,0,2527
31/Aug/1995,10,6252,HIGH,5517,0,2527
31/Aug/1995,11,6299,HIGH,5517,0,2527
31/Aug/1995,12,5580,HIGH,5517,0,2527
31/Aug/1995,13,5948,HIGH,5517,0,2527
31/Aug/1995,14,5512,NORMAL,5517,0,2527
31/Aug/1995,15,5416,NORMAL,5517,0,2527
31/Aug/1995,16,3883,NORMAL,5517,0,2527
31/Aug/1995,17,3722,NORMAL,5517,0,2527
31/Aug/1995,18,3163,NORMAL,5517,0,2527
31/Aug/1995,19,2946,NORMAL,5517,0,2527
31/Aug/1995,20,2737,NORMAL,5517,0,2527
31/Aug/1995,21,2463,NORMAL,5517,0,2527
31/Aug/1995,22,2896,NORMAL,5517,0,2527
31/Aug/1995,23,2457,NORMAL,5517,0,2527
